Ngay,Symbol,GiaDongCua
29/12/2023,APG,12.15
28/12/2023,APG,12.25
27/12/2023,APG,12.05
26/12/2023,APG,12.2
25/12/2023,APG,11.85
22/12/2023,APG,11.35
21/12/2023,APG,11.5
20/12/2023,APG,11.2
19/12/2023,APG,10.75
18/12/2023,APG,10.7
15/12/2023,APG,10.65
14/12/2023,APG,10.7
13/12/2023,APG,10.55
12/12/2023,APG,10.25
11/12/2023,APG,10.15
08/12/2023,APG,10.2
07/12/2023,APG,10.25
06/12/2023,APG,10.45
05/12/2023,APG,10.3
04/12/2023,APG,10.35
01/12/2023,APG,9.84
30/11/2023,APG,9.76
29/11/2023,APG,9.76
28/11/2023,APG,9.67
27/11/2023,APG,9.7
24/11/2023,APG,9.93
23/11/2023,APG,9.9
22/11/2023,APG,10.0
21/11/2023,APG,9.99
20/11/2023,APG,10.05
17/11/2023,APG,9.9
16/11/2023,APG,9.83
15/11/2023,APG,9.82
14/11/2023,APG,9.74
13/11/2023,APG,9.71
10/11/2023,APG,9.8
09/11/2023,APG,10.0
08/11/2023,APG,9.97
07/11/2023,APG,9.41
06/11/2023,APG,9.28
03/11/2023,APG,9.49
02/11/2023,APG,9.72
01/11/2023,APG,9.2
31/10/2023,APG,8.92
30/10/2023,APG,8.95
27/10/2023,APG,8.84
26/10/2023,APG,8.45
25/10/2023,APG,8.95
24/10/2023,APG,8.93
23/10/2023,APG,8.8
20/10/2023,APG,8.81
19/10/2023,APG,8.5
18/10/2023,APG,8.74
17/10/2023,APG,8.9
16/10/2023,APG,8.95
13/10/2023,APG,9.1
12/10/2023,APG,9.22
11/10/2023,APG,9.3
10/10/2023,APG,9.09
09/10/2023,APG,9.1
06/10/2023,APG,9.06
05/10/2023,APG,8.85
04/10/2023,APG,9.15
03/10/2023,APG,8.86
02/10/2023,APG,9.51
29/09/2023,APG,9.35
28/09/2023,APG,9.68
27/09/2023,APG,9.82
26/09/2023,APG,9.44
25/09/2023,APG,10.15
22/09/2023,APG,10.9
21/09/2023,APG,11.7
20/09/2023,APG,12.0
19/09/2023,APG,11.7
18/09/2023,APG,11.2
15/09/2023,APG,11.85
14/09/2023,APG,12.15
13/09/2023,APG,11.4
12/09/2023,APG,10.7
11/09/2023,APG,10.2
08/09/2023,APG,10.6
07/09/2023,APG,10.65
06/09/2023,APG,10.55
05/09/2023,APG,10.2
31/08/2023,APG,10.35
30/08/2023,APG,10.35
29/08/2023,APG,10.2
28/08/2023,APG,9.79
25/08/2023,APG,9.73
24/08/2023,APG,9.58
23/08/2023,APG,9.45
22/08/2023,APG,9.56
21/08/2023,APG,9.1
18/08/2023,APG,9.44
17/08/2023,APG,10.15
16/08/2023,APG,10.15
15/08/2023,APG,10.25
14/08/2023,APG,10.45
11/08/2023,APG,10.2
10/08/2023,APG,10.15
09/08/2023,APG,10.9
08/08/2023,APG,10.3
07/08/2023,APG,9.65
04/08/2023,APG,9.36
03/08/2023,APG,9.35
02/08/2023,APG,9.49
01/08/2023,APG,9.28
31/07/2023,APG,9.73
28/07/2023,APG,9.51
27/07/2023,APG,9.16
26/07/2023,APG,8.6
25/07/2023,APG,8.7
24/07/2023,APG,8.72
21/07/2023,APG,8.71
20/07/2023,APG,8.59
19/07/2023,APG,8.67
18/07/2023,APG,8.48
17/07/2023,APG,7.93
14/07/2023,APG,7.85
13/07/2023,APG,7.88
12/07/2023,APG,7.88
11/07/2023,APG,7.77
10/07/2023,APG,7.8
07/07/2023,APG,7.65
06/07/2023,APG,7.56
05/07/2023,APG,7.7
04/07/2023,APG,7.75
03/07/2023,APG,7.6
30/06/2023,APG,7.54
29/06/2023,APG,7.6
28/06/2023,APG,7.8
27/06/2023,APG,7.82
26/06/2023,APG,7.83
23/06/2023,APG,8.09
22/06/2023,APG,7.83
21/06/2023,APG,7.83
20/06/2023,APG,7.7
19/06/2023,APG,7.62
16/06/2023,APG,7.75
15/06/2023,APG,7.61
14/06/2023,APG,7.7
13/06/2023,APG,7.78
12/06/2023,APG,7.63
09/06/2023,APG,7.63
08/06/2023,APG,7.6
07/06/2023,APG,7.84
06/06/2023,APG,7.89
05/06/2023,APG,7.7
02/06/2023,APG,7.89
01/06/2023,APG,7.82
31/05/2023,APG,7.73
30/05/2023,APG,7.75
29/05/2023,APG,7.8
26/05/2023,APG,7.5
25/05/2023,APG,7.41
24/05/2023,APG,7.5
23/05/2023,APG,7.46
22/05/2023,APG,7.47
19/05/2023,APG,7.46
18/05/2023,APG,7.4
17/05/2023,APG,7.27
16/05/2023,APG,7.77
15/05/2023,APG,7.76
12/05/2023,APG,7.75
11/05/2023,APG,7.66
10/05/2023,APG,7.79
09/05/2023,APG,7.66
08/05/2023,APG,7.68
05/05/2023,APG,7.69
04/05/2023,APG,7.59
28/04/2023,APG,7.17
27/04/2023,APG,7.07
26/04/2023,APG,7.15
25/04/2023,APG,7.02
24/04/2023,APG,7.07
21/04/2023,APG,7.06
20/04/2023,APG,7.0
19/04/2023,APG,6.97
18/04/2023,APG,7.05
17/04/2023,APG,6.99
14/04/2023,APG,6.8
13/04/2023,APG,6.9
12/04/2023,APG,6.99
11/04/2023,APG,7.12
10/04/2023,APG,7.12
07/04/2023,APG,7.14
06/04/2023,APG,7.1
05/04/2023,APG,7.4
04/04/2023,APG,7.29
03/04/2023,APG,7.14
31/03/2023,APG,7.01
30/03/2023,APG,7.0
29/03/2023,APG,7.01
28/03/2023,APG,7.0
27/03/2023,APG,7.18
24/03/2023,APG,7.07
23/03/2023,APG,6.83
22/03/2023,APG,6.74
21/03/2023,APG,6.69
20/03/2023,APG,6.6
17/03/2023,APG,6.65
16/03/2023,APG,6.58
15/03/2023,APG,6.55
14/03/2023,APG,6.13
13/03/2023,APG,6.59
10/03/2023,APG,6.67
09/03/2023,APG,6.66
08/03/2023,APG,6.82
07/03/2023,APG,6.8
06/03/2023,APG,6.53
03/03/2023,APG,6.42
02/03/2023,APG,6.49
01/03/2023,APG,6.61
28/02/2023,APG,6.45
27/02/2023,APG,6.4
24/02/2023,APG,6.42
23/02/2023,APG,6.34
22/02/2023,APG,6.34
21/02/2023,APG,6.6
20/02/2023,APG,6.74
17/02/2023,APG,6.3
16/02/2023,APG,6.39
15/02/2023,APG,6.45
14/02/2023,APG,6.28
13/02/2023,APG,5.87
10/02/2023,APG,5.98
09/02/2023,APG,6.05
08/02/2023,APG,5.7
07/02/2023,APG,5.56
06/02/2023,APG,5.65
03/02/2023,APG,5.81
02/02/2023,APG,5.94
01/02/2023,APG,5.95
31/01/2023,APG,5.95
30/01/2023,APG,6.1
27/01/2023,APG,6.08
19/01/2023,APG,6.03
18/01/2023,APG,5.98
17/01/2023,APG,5.8
16/01/2023,APG,5.7
13/01/2023,APG,5.83
12/01/2023,APG,5.87
11/01/2023,APG,5.95
10/01/2023,APG,5.85
09/01/2023,APG,5.9
06/01/2023,APG,5.82
05/01/2023,APG,6.24
04/01/2023,APG,6.23
03/01/2023,APG,6.58
30/12/2022,APG,6.25
29/12/2022,APG,6.49
28/12/2022,APG,6.86
27/12/2022,APG,6.61
26/12/2022,APG,6.18
23/12/2022,APG,6.64
22/12/2022,APG,6.48
21/12/2022,APG,6.17
20/12/2022,APG,6.2
19/12/2022,APG,6.25
16/12/2022,APG,6.23
15/12/2022,APG,5.95
14/12/2022,APG,6.03
13/12/2022,APG,5.91
12/12/2022,APG,5.71
09/12/2022,APG,5.85
08/12/2022,APG,5.54
07/12/2022,APG,5.18
06/12/2022,APG,5.56
05/12/2022,APG,5.97
02/12/2022,APG,5.58
01/12/2022,APG,5.22
30/11/2022,APG,4.88
29/11/2022,APG,4.57
28/11/2022,APG,4.28
25/11/2022,APG,4.0
24/11/2022,APG,3.74
23/11/2022,APG,3.5
22/11/2022,APG,3.5
21/11/2022,APG,3.28
18/11/2022,APG,3.07
17/11/2022,APG,2.87
16/11/2022,APG,2.69
15/11/2022,APG,2.52
14/11/2022,APG,2.66
11/11/2022,APG,2.85
10/11/2022,APG,3.06
09/11/2022,APG,3.29
08/11/2022,APG,3.21
07/11/2022,APG,3.34
04/11/2022,APG,3.59
03/11/2022,APG,3.85
02/11/2022,APG,3.94
01/11/2022,APG,3.97
31/10/2022,APG,3.98
28/10/2022,APG,3.99
27/10/2022,APG,3.89
26/10/2022,APG,3.64
25/10/2022,APG,3.91
24/10/2022,APG,4.2
21/10/2022,APG,4.51
20/10/2022,APG,4.84
19/10/2022,APG,4.97
18/10/2022,APG,5.03
17/10/2022,APG,5.0
14/10/2022,APG,5.08
13/10/2022,APG,4.91
12/10/2022,APG,4.94
11/10/2022,APG,4.82
10/10/2022,APG,5.18
07/10/2022,APG,5.19
06/10/2022,APG,5.57
05/10/2022,APG,5.83
04/10/2022,APG,5.57
03/10/2022,APG,5.7
30/09/2022,APG,6.12
29/09/2022,APG,6.08
28/09/2022,APG,6.17
27/09/2022,APG,6.06
26/09/2022,APG,6.05
23/09/2022,APG,6.49
22/09/2022,APG,6.64
21/09/2022,APG,6.37
20/09/2022,APG,6.48
19/09/2022,APG,6.25
16/09/2022,APG,6.71
15/09/2022,APG,7.06
14/09/2022,APG,7.15
13/09/2022,APG,7.14
12/09/2022,APG,7.15
09/09/2022,APG,7.02
08/09/2022,APG,7.05
07/09/2022,APG,7.2
06/09/2022,APG,7.64
05/09/2022,APG,7.75
31/08/2022,APG,7.87
30/08/2022,APG,7.82
29/08/2022,APG,8.0
26/08/2022,APG,8.31
25/08/2022,APG,8.67
24/08/2022,APG,8.73
23/08/2022,APG,8.5
22/08/2022,APG,8.36
19/08/2022,APG,8.31
18/08/2022,APG,8.3
17/08/2022,APG,8.19
16/08/2022,APG,8.35
15/08/2022,APG,8.36
12/08/2022,APG,8.4
11/08/2022,APG,8.1
10/08/2022,APG,8.42
09/08/2022,APG,8.6
08/08/2022,APG,8.56
05/08/2022,APG,8.26
04/08/2022,APG,7.72
03/08/2022,APG,7.53
02/08/2022,APG,7.04
01/08/2022,APG,6.9
29/07/2022,APG,6.66
28/07/2022,APG,6.65
27/07/2022,APG,6.5
26/07/2022,APG,6.48
25/07/2022,APG,6.42
22/07/2022,APG,6.78
21/07/2022,APG,6.9
20/07/2022,APG,7.13
19/07/2022,APG,6.85
18/07/2022,APG,7.05
15/07/2022,APG,7.1
14/07/2022,APG,7.2
13/07/2022,APG,6.8
12/07/2022,APG,6.6
11/07/2022,APG,6.33
08/07/2022,APG,6.44
07/07/2022,APG,6.27
06/07/2022,APG,6.26
05/07/2022,APG,6.6
04/07/2022,APG,6.59
01/07/2022,APG,6.41
30/06/2022,APG,6.25
29/06/2022,APG,6.72
28/06/2022,APG,6.85
27/06/2022,APG,6.74
24/06/2022,APG,6.3
23/06/2022,APG,6.2
22/06/2022,APG,6.29
21/06/2022,APG,5.88
20/06/2022,APG,6.15
17/06/2022,APG,6.61
16/06/2022,APG,7.1
15/06/2022,APG,7.13
14/06/2022,APG,7.66
13/06/2022,APG,8.23
10/06/2022,APG,8.84
09/06/2022,APG,8.99
08/06/2022,APG,9.02
07/06/2022,APG,8.75
06/06/2022,APG,9.08
03/06/2022,APG,9.13
02/06/2022,APG,9.23
01/06/2022,APG,9.6
31/05/2022,APG,9.75
30/05/2022,APG,9.8
27/05/2022,APG,9.77
26/05/2022,APG,9.73
25/05/2022,APG,9.64
24/05/2022,APG,9.19
23/05/2022,APG,9.2
20/05/2022,APG,9.5
19/05/2022,APG,9.45
18/05/2022,APG,9.63
17/05/2022,APG,9.63
16/05/2022,APG,9.0
13/05/2022,APG,8.8
12/05/2022,APG,9.04
11/05/2022,APG,9.72
10/05/2022,APG,9.6
09/05/2022,APG,9.44
06/05/2022,APG,10.15
05/05/2022,APG,10.9
04/05/2022,APG,11.2
29/04/2022,APG,11.4
28/04/2022,APG,10.85
27/04/2022,APG,10.55
26/04/2022,APG,10.4
25/04/2022,APG,9.72
22/04/2022,APG,10.45
21/04/2022,APG,11.2
20/04/2022,APG,12.0
19/04/2022,APG,12.9
18/04/2022,APG,13.85
15/04/2022,APG,14.85
14/04/2022,APG,15.6
13/04/2022,APG,15.5
12/04/2022,APG,15.65
08/04/2022,APG,15.85
07/04/2022,APG,16.2
06/04/2022,APG,16.7
05/04/2022,APG,16.85
04/04/2022,APG,17.0
01/04/2022,APG,16.3
31/03/2022,APG,15.85
30/03/2022,APG,16.7
29/03/2022,APG,17.1
28/03/2022,APG,16.95
25/03/2022,APG,17.3
24/03/2022,APG,17.4
23/03/2022,APG,17.55
22/03/2022,APG,17.3
21/03/2022,APG,17.1
18/03/2022,APG,17.1
17/03/2022,APG,16.85
16/03/2022,APG,16.9
15/03/2022,APG,16.75
14/03/2022,APG,16.55
11/03/2022,APG,17.1
10/03/2022,APG,17.7
09/03/2022,APG,17.55
08/03/2022,APG,17.8
07/03/2022,APG,18.0
04/03/2022,APG,18.2
03/03/2022,APG,18.0
02/03/2022,APG,18.35
01/03/2022,APG,18.8
28/02/2022,APG,18.75
25/02/2022,APG,19.0
24/02/2022,APG,18.5
23/02/2022,APG,19.3
22/02/2022,APG,19.35
21/02/2022,APG,19.5
18/02/2022,APG,18.7
17/02/2022,APG,18.35
16/02/2022,APG,18.5
15/02/2022,APG,18.5
14/02/2022,APG,18.65
11/02/2022,APG,19.0
10/02/2022,APG,17.9
09/02/2022,APG,17.95
08/02/2022,APG,17.9
07/02/2022,APG,18.0
28/01/2022,APG,17.4
27/01/2022,APG,17.3
26/01/2022,APG,17.3
25/01/2022,APG,17.1
24/01/2022,APG,17.05
21/01/2022,APG,18.3
20/01/2022,APG,17.9
19/01/2022,APG,16.8
18/01/2022,APG,16.65
17/01/2022,APG,17.9
14/01/2022,APG,19.2
13/01/2022,APG,19.2
12/01/2022,APG,19.8
11/01/2022,APG,19.5
10/01/2022,APG,19.7
07/01/2022,APG,20.3
06/01/2022,APG,20.1
05/01/2022,APG,20.4
04/01/2022,APG,20.7
31/12/2021,APG,20.65
30/12/2021,APG,20.65
29/12/2021,APG,19.3
28/12/2021,APG,19.2
27/12/2021,APG,19.5
24/12/2021,APG,19.3
23/12/2021,APG,19.25
22/12/2021,APG,19.35
21/12/2021,APG,19.7
20/12/2021,APG,20.1
17/12/2021,APG,19.75
16/12/2021,APG,18.75
15/12/2021,APG,18.9
14/12/2021,APG,18.85
13/12/2021,APG,19.1
10/12/2021,APG,19.1
09/12/2021,APG,19.2
08/12/2021,APG,18.9
07/12/2021,APG,19.3
06/12/2021,APG,18.95
03/12/2021,APG,20.35
02/12/2021,APG,19.05
01/12/2021,APG,25.7
30/11/2021,APG,26.0
29/11/2021,APG,26.5
26/11/2021,APG,26.0
25/11/2021,APG,26.9
24/11/2021,APG,27.2
23/11/2021,APG,26.35
22/11/2021,APG,25.1
19/11/2021,APG,23.5
18/11/2021,APG,25.25
17/11/2021,APG,23.6
16/11/2021,APG,22.7
15/11/2021,APG,21.55
12/11/2021,APG,20.15
11/11/2021,APG,19.85
10/11/2021,APG,19.9
09/11/2021,APG,19.7
08/11/2021,APG,19.5
05/11/2021,APG,19.5
04/11/2021,APG,19.5
03/11/2021,APG,19.0
02/11/2021,APG,19.35
01/11/2021,APG,18.1
29/10/2021,APG,17.35
28/10/2021,APG,17.6
27/10/2021,APG,17.7
26/10/2021,APG,17.8
25/10/2021,APG,18.05
22/10/2021,APG,18.0
21/10/2021,APG,17.75
20/10/2021,APG,17.7
19/10/2021,APG,18.1
18/10/2021,APG,17.65
15/10/2021,APG,18.15
14/10/2021,APG,18.55
13/10/2021,APG,17.35
12/10/2021,APG,17.2
11/10/2021,APG,16.75
08/10/2021,APG,16.75
07/10/2021,APG,17.3
06/10/2021,APG,17.3
05/10/2021,APG,17.2
04/10/2021,APG,17.0
01/10/2021,APG,17.7
30/09/2021,APG,18.7
29/09/2021,APG,17.5
28/09/2021,APG,18.55
27/09/2021,APG,19.9
24/09/2021,APG,21.35
23/09/2021,APG,22.95
22/09/2021,APG,24.65
21/09/2021,APG,26.5
20/09/2021,APG,26.5
17/09/2021,APG,24.8
16/09/2021,APG,26.65
15/09/2021,APG,28.65
14/09/2021,APG,26.8
13/09/2021,APG,25.05
10/09/2021,APG,23.45
09/09/2021,APG,21.95
08/09/2021,APG,20.55
07/09/2021,APG,20.55
06/09/2021,APG,19.25
01/09/2021,APG,18.0
31/08/2021,APG,16.85
30/08/2021,APG,17.15
27/08/2021,APG,17.0
26/08/2021,APG,16.3
25/08/2021,APG,15.25
24/08/2021,APG,16.35
23/08/2021,APG,17.15
20/08/2021,APG,16.05
19/08/2021,APG,15.0
18/08/2021,APG,14.05
17/08/2021,APG,13.15
16/08/2021,APG,12.3
13/08/2021,APG,11.5
12/08/2021,APG,10.75
11/08/2021,APG,10.8
10/08/2021,APG,10.4
09/08/2021,APG,10.5
06/08/2021,APG,10.3
05/08/2021,APG,9.94
04/08/2021,APG,9.9
03/08/2021,APG,9.73
02/08/2021,APG,9.72
30/07/2021,APG,9.7
29/07/2021,APG,9.69
28/07/2021,APG,9.64
27/07/2021,APG,9.56
26/07/2021,APG,9.48
23/07/2021,APG,9.48
22/07/2021,APG,9.71
21/07/2021,APG,9.31
20/07/2021,APG,9.35
19/07/2021,APG,9.13
16/07/2021,APG,9.81
15/07/2021,APG,9.9
14/07/2021,APG,9.75
13/07/2021,APG,9.81
12/07/2021,APG,9.55
09/07/2021,APG,10.2
08/07/2021,APG,10.35
07/07/2021,APG,10.3
06/07/2021,APG,10.25
05/07/2021,APG,11.0
02/07/2021,APG,11.2
01/07/2021,APG,11.2
30/06/2021,APG,10.75
29/06/2021,APG,11.0
28/06/2021,APG,10.8
25/06/2021,APG,10.95
24/06/2021,APG,10.3
23/06/2021,APG,10.55
22/06/2021,APG,10.8
21/06/2021,APG,10.85
18/06/2021,APG,11.85
17/06/2021,APG,12.05
16/06/2021,APG,11.3
15/06/2021,APG,11.65
14/06/2021,APG,11.2
11/06/2021,APG,10.65
10/06/2021,APG,10.55
09/06/2021,APG,10.65
08/06/2021,APG,10.35
07/06/2021,APG,11.05
04/06/2021,APG,11.2
03/06/2021,APG,10.7
02/06/2021,APG,10.0
01/06/2021,APG,10.35
31/05/2021,APG,9.68
28/05/2021,APG,9.05
27/05/2021,APG,9.0
26/05/2021,APG,9.08
25/05/2021,APG,9.2
24/05/2021,APG,9.01
21/05/2021,APG,8.99
20/05/2021,APG,8.97
19/05/2021,APG,8.8
18/05/2021,APG,8.85
17/05/2021,APG,9.0
14/05/2021,APG,9.0
13/05/2021,APG,8.92
12/05/2021,APG,9.05
11/05/2021,APG,8.95
10/05/2021,APG,8.94
07/05/2021,APG,8.9
06/05/2021,APG,9.09
05/05/2021,APG,9.25
04/05/2021,APG,8.9
29/04/2021,APG,9.06
28/04/2021,APG,8.98
27/04/2021,APG,8.84
26/04/2021,APG,9.03
23/04/2021,APG,9.29
22/04/2021,APG,9.2
20/04/2021,APG,9.6
19/04/2021,APG,9.8
16/04/2021,APG,9.48
15/04/2021,APG,9.8
14/04/2021,APG,10.1
13/04/2021,APG,10.05
12/04/2021,APG,10.3
09/04/2021,APG,9.8
08/04/2021,APG,9.81
07/04/2021,APG,9.69
06/04/2021,APG,9.72
05/04/2021,APG,9.89
02/04/2021,APG,9.85
01/04/2021,APG,9.7
31/03/2021,APG,9.28
30/03/2021,APG,9.23
29/03/2021,APG,9.29
26/03/2021,APG,9.0
25/03/2021,APG,9.12
24/03/2021,APG,9.01
23/03/2021,APG,9.33
22/03/2021,APG,9.52
19/03/2021,APG,9.64
18/03/2021,APG,9.68
17/03/2021,APG,9.7
16/03/2021,APG,9.68
15/03/2021,APG,9.77
12/03/2021,APG,9.86
11/03/2021,APG,9.9
10/03/2021,APG,9.7
09/03/2021,APG,9.77
08/03/2021,APG,9.87
05/03/2021,APG,9.39
04/03/2021,APG,9.34
03/03/2021,APG,9.11
02/03/2021,APG,9.12
01/03/2021,APG,9.18
26/02/2021,APG,8.69
25/02/2021,APG,8.79
24/02/2021,APG,8.88
23/02/2021,APG,9.09
22/02/2021,APG,9.15
19/02/2021,APG,8.95
18/02/2021,APG,8.89
17/02/2021,APG,8.86
09/02/2021,APG,8.44
08/02/2021,APG,8.47
05/02/2021,APG,8.79
04/02/2021,APG,8.71
03/02/2021,APG,9.0
02/02/2021,APG,8.48
01/02/2021,APG,8.19
29/01/2021,APG,8.8
28/01/2021,APG,8.6
27/01/2021,APG,9.24
26/01/2021,APG,9.93
25/01/2021,APG,10.3
22/01/2021,APG,10.85
21/01/2021,APG,11.4
20/01/2021,APG,11.6
19/01/2021,APG,11.8
18/01/2021,APG,11.9
15/01/2021,APG,11.85
14/01/2021,APG,12.05
13/01/2021,APG,11.6
12/01/2021,APG,11.5
11/01/2021,APG,11.6
08/01/2021,APG,12.15
07/01/2021,APG,12.1
06/01/2021,APG,12.0
05/01/2021,APG,11.5
04/01/2021,APG,11.5
31/12/2020,APG,11.45
30/12/2020,APG,11.3
29/12/2020,APG,11.75
28/12/2020,APG,11.8
25/12/2020,APG,11.1
24/12/2020,APG,10.4
23/12/2020,APG,10.6
22/12/2020,APG,10.6
21/12/2020,APG,9.94
18/12/2020,APG,9.9
17/12/2020,APG,9.99
16/12/2020,APG,9.99
15/12/2020,APG,10.15
14/12/2020,APG,9.93
11/12/2020,APG,9.99
10/12/2020,APG,10.0
09/12/2020,APG,10.2
08/12/2020,APG,9.9
07/12/2020,APG,9.9
04/12/2020,APG,9.98
03/12/2020,APG,10.0
02/12/2020,APG,10.0
01/12/2020,APG,10.3
30/11/2020,APG,10.3
27/11/2020,APG,10.65
26/11/2020,APG,10.55
25/11/2020,APG,9.97
24/11/2020,APG,9.8
23/11/2020,APG,9.8
20/11/2020,APG,9.91
19/11/2020,APG,9.91
18/11/2020,APG,9.98
17/11/2020,APG,10.0
16/11/2020,APG,9.9
13/11/2020,APG,10.0
12/11/2020,APG,10.2
11/11/2020,APG,10.2
10/11/2020,APG,10.2
09/11/2020,APG,10.25
06/11/2020,APG,10.2
05/11/2020,APG,10.3
04/11/2020,APG,10.4
03/11/2020,APG,10.3
02/11/2020,APG,10.2
30/10/2020,APG,10.1
29/10/2020,APG,10.1
28/10/2020,APG,10.1
27/10/2020,APG,10.1
26/10/2020,APG,10.15
23/10/2020,APG,10.2
22/10/2020,APG,10.1
21/10/2020,APG,10.25
20/10/2020,APG,10.1
19/10/2020,APG,10.3
16/10/2020,APG,10.35
15/10/2020,APG,10.35
14/10/2020,APG,10.4
13/10/2020,APG,10.4
12/10/2020,APG,10.4
09/10/2020,APG,10.4
08/10/2020,APG,10.4
07/10/2020,APG,10.7
06/10/2020,APG,10.9
05/10/2020,APG,10.8
02/10/2020,APG,10.3
01/10/2020,APG,10.15
30/09/2020,APG,10.15
29/09/2020,APG,10.15
28/09/2020,APG,10.3
25/09/2020,APG,10.35
24/09/2020,APG,10.4
23/09/2020,APG,10.4
22/09/2020,APG,10.5
21/09/2020,APG,10.65
18/09/2020,APG,10.6
17/09/2020,APG,10.8
16/09/2020,APG,10.85
15/09/2020,APG,10.95
14/09/2020,APG,10.95
11/09/2020,APG,10.85
10/09/2020,APG,10.9
09/09/2020,APG,10.9
08/09/2020,APG,11.0
07/09/2020,APG,10.95
04/09/2020,APG,11.2
03/09/2020,APG,11.25
01/09/2020,APG,11.6
31/08/2020,APG,12.0
28/08/2020,APG,11.8
27/08/2020,APG,11.4
26/08/2020,APG,11.2
25/08/2020,APG,11.5
24/08/2020,APG,11.5
21/08/2020,APG,11.6
20/08/2020,APG,11.5
19/08/2020,APG,11.3
18/08/2020,APG,11.4
17/08/2020,APG,11.6
14/08/2020,APG,11.7
13/08/2020,APG,11.7
12/08/2020,APG,11.2
11/08/2020,APG,11.5
10/08/2020,APG,12.1
07/08/2020,APG,11.9
06/08/2020,APG,12.3
05/08/2020,APG,12.0
04/08/2020,APG,11.9
03/08/2020,APG,11.8
31/07/2020,APG,11.65
30/07/2020,APG,11.1
29/07/2020,APG,11.6
28/07/2020,APG,12.45
27/07/2020,APG,11.65
24/07/2020,APG,12.5
23/07/2020,APG,12.8
22/07/2020,APG,12.0
21/07/2020,APG,11.55
20/07/2020,APG,11.5
17/07/2020,APG,10.75
16/07/2020,APG,10.05
15/07/2020,APG,9.79
14/07/2020,APG,9.79
13/07/2020,APG,9.7
10/07/2020,APG,9.45
09/07/2020,APG,9.4
08/07/2020,APG,9.26
07/07/2020,APG,9.2
06/07/2020,APG,9.1
03/07/2020,APG,9.1
02/07/2020,APG,8.95
01/07/2020,APG,8.7
30/06/2020,APG,8.34
29/06/2020,APG,8.68
26/06/2020,APG,8.99
25/06/2020,APG,9.1
24/06/2020,APG,9.15
23/06/2020,APG,9.1
22/06/2020,APG,9.01
19/06/2020,APG,9.01
18/06/2020,APG,9.0
17/06/2020,APG,9.3
16/06/2020,APG,8.98
15/06/2020,APG,8.4
12/06/2020,APG,8.8
11/06/2020,APG,9.11
10/06/2020,APG,9.59
09/06/2020,APG,9.66
08/06/2020,APG,9.54
05/06/2020,APG,8.92
04/06/2020,APG,8.92
03/06/2020,APG,8.88
02/06/2020,APG,8.9
01/06/2020,APG,9.1
29/05/2020,APG,8.9
28/05/2020,APG,8.8
27/05/2020,APG,8.89
26/05/2020,APG,8.95
25/05/2020,APG,8.9
22/05/2020,APG,8.86
21/05/2020,APG,8.95
20/05/2020,APG,8.8
19/05/2020,APG,9.0
18/05/2020,APG,9.02
15/05/2020,APG,9.1
14/05/2020,APG,9.1
13/05/2020,APG,9.22
12/05/2020,APG,9.22
11/05/2020,APG,9.26
08/05/2020,APG,9.25
07/05/2020,APG,9.19
06/05/2020,APG,9.1
05/05/2020,APG,9.09
04/05/2020,APG,9.09
29/04/2020,APG,9.1
28/04/2020,APG,8.9
27/04/2020,APG,9.04
24/04/2020,APG,9.04
23/04/2020,APG,9.35
22/04/2020,APG,9.25
21/04/2020,APG,9.13
20/04/2020,APG,9.2
17/04/2020,APG,9.15
16/04/2020,APG,9.15
15/04/2020,APG,9.22
14/04/2020,APG,9.41
13/04/2020,APG,9.4
10/04/2020,APG,9.2
09/04/2020,APG,9.05
08/04/2020,APG,8.75
07/04/2020,APG,8.6
06/04/2020,APG,8.4
03/04/2020,APG,8.21
01/04/2020,APG,8.09
31/03/2020,APG,8.03
30/03/2020,APG,8.0
27/03/2020,APG,8.5
26/03/2020,APG,8.6
25/03/2020,APG,8.5
24/03/2020,APG,8.25
23/03/2020,APG,7.9
20/03/2020,APG,8.3
19/03/2020,APG,8.3
18/03/2020,APG,8.6
17/03/2020,APG,8.74
16/03/2020,APG,8.88
13/03/2020,APG,9.0
12/03/2020,APG,8.92
11/03/2020,APG,9.4
10/03/2020,APG,9.56
09/03/2020,APG,9.58
06/03/2020,APG,9.85
05/03/2020,APG,9.8
04/03/2020,APG,9.8
03/03/2020,APG,9.67
02/03/2020,APG,9.6
28/02/2020,APG,9.49
27/02/2020,APG,9.75
26/02/2020,APG,9.72
25/02/2020,APG,9.8
24/02/2020,APG,9.99
21/02/2020,APG,10.35
20/02/2020,APG,10.55
19/02/2020,APG,10.5
18/02/2020,APG,10.7
17/02/2020,APG,11.3
14/02/2020,APG,10.8
13/02/2020,APG,11.0
12/02/2020,APG,11.0
11/02/2020,APG,11.35
10/02/2020,APG,11.1
07/02/2020,APG,11.25
06/02/2020,APG,11.85
05/02/2020,APG,11.4
04/02/2020,APG,10.7
03/02/2020,APG,10.0
31/01/2020,APG,10.35
30/01/2020,APG,10.55
22/01/2020,APG,10.55
21/01/2020,APG,9.9
20/01/2020,APG,9.8
17/01/2020,APG,9.8
16/01/2020,APG,9.8
15/01/2020,APG,9.9
14/01/2020,APG,9.89
13/01/2020,APG,9.8
10/01/2020,APG,9.77
09/01/2020,APG,9.7
08/01/2020,APG,9.77
07/01/2020,APG,9.79
06/01/2020,APG,9.79
03/01/2020,APG,9.75
02/01/2020,APG,9.9
31/12/2019,APG,9.66
30/12/2019,APG,9.5
27/12/2019,APG,9.68
26/12/2019,APG,9.7
25/12/2019,APG,9.7
24/12/2019,APG,9.7
23/12/2019,APG,9.85
20/12/2019,APG,9.85
19/12/2019,APG,9.6
18/12/2019,APG,9.7
17/12/2019,APG,9.84
16/12/2019,APG,9.97
13/12/2019,APG,9.97
12/12/2019,APG,9.9
11/12/2019,APG,9.99
10/12/2019,APG,9.89
09/12/2019,APG,9.8
06/12/2019,APG,9.9
05/12/2019,APG,9.9
04/12/2019,APG,9.9
03/12/2019,APG,9.89
02/12/2019,APG,9.7
29/11/2019,APG,9.69
28/11/2019,APG,9.69
27/11/2019,APG,9.74
26/11/2019,APG,9.76
25/11/2019,APG,9.7
22/11/2019,APG,9.7
21/11/2019,APG,9.71
20/11/2019,APG,9.79
19/11/2019,APG,9.79
18/11/2019,APG,9.79
15/11/2019,APG,10.0
14/11/2019,APG,9.68
13/11/2019,APG,9.84
12/11/2019,APG,10.0
11/11/2019,APG,9.7
08/11/2019,APG,10.1
07/11/2019,APG,9.5
06/11/2019,APG,9.49
05/11/2019,APG,9.05
04/11/2019,APG,8.98
01/11/2019,APG,8.76
31/10/2019,APG,8.19
30/10/2019,APG,8.2
29/10/2019,APG,8.19
28/10/2019,APG,8.25
25/10/2019,APG,8.3
24/10/2019,APG,8.33
23/10/2019,APG,8.29
22/10/2019,APG,8.3
21/10/2019,APG,8.3
18/10/2019,APG,8.35
17/10/2019,APG,8.35
16/10/2019,APG,8.2
15/10/2019,APG,8.67
14/10/2019,APG,8.7
11/10/2019,APG,8.6
10/10/2019,APG,8.69
09/10/2019,APG,8.64
08/10/2019,APG,8.65
07/10/2019,APG,8.74
04/10/2019,APG,8.75
03/10/2019,APG,8.75
02/10/2019,APG,8.75
01/10/2019,APG,8.85
30/09/2019,APG,8.82
27/09/2019,APG,9.09
26/09/2019,APG,9.09
25/09/2019,APG,9.09
24/09/2019,APG,9.0
23/09/2019,APG,9.21
20/09/2019,APG,9.9
19/09/2019,APG,9.45
18/09/2019,APG,9.0
17/09/2019,APG,9.3
16/09/2019,APG,9.3
13/09/2019,APG,9.65
12/09/2019,APG,9.19
11/09/2019,APG,8.64
10/09/2019,APG,8.6
09/09/2019,APG,8.74
06/09/2019,APG,8.85
05/09/2019,APG,8.89
04/09/2019,APG,8.89
03/09/2019,APG,8.9
30/08/2019,APG,8.7
29/08/2019,APG,8.7
28/08/2019,APG,8.86
27/08/2019,APG,8.7
26/08/2019,APG,8.8
23/08/2019,APG,8.9
22/08/2019,APG,8.9
21/08/2019,APG,9.0
20/08/2019,APG,9.05
19/08/2019,APG,9.05
16/08/2019,APG,9.19
15/08/2019,APG,9.1
14/08/2019,APG,9.2
13/08/2019,APG,8.93
12/08/2019,APG,8.95
09/08/2019,APG,9.0
08/08/2019,APG,9.09
07/08/2019,APG,9.0
06/08/2019,APG,9.0
05/08/2019,APG,9.0
02/08/2019,APG,9.12
01/08/2019,APG,9.0
31/07/2019,APG,9.1
30/07/2019,APG,9.11
29/07/2019,APG,9.14
26/07/2019,APG,9.15
25/07/2019,APG,9.19
24/07/2019,APG,9.1
23/07/2019,APG,9.3
22/07/2019,APG,9.45
19/07/2019,APG,9.0
18/07/2019,APG,9.1
17/07/2019,APG,9.2
16/07/2019,APG,9.15
15/07/2019,APG,9.15
12/07/2019,APG,9.4
11/07/2019,APG,9.3
10/07/2019,APG,9.2
09/07/2019,APG,9.15
08/07/2019,APG,9.24
05/07/2019,APG,9.35
04/07/2019,APG,9.45
03/07/2019,APG,9.5
02/07/2019,APG,9.89
01/07/2019,APG,9.99
28/06/2019,APG,9.9
27/06/2019,APG,9.8
26/06/2019,APG,10.0
25/06/2019,APG,10.0
24/06/2019,APG,9.5
21/06/2019,APG,9.0
20/06/2019,APG,8.5
19/06/2019,APG,8.0
18/06/2019,APG,8.03
17/06/2019,APG,7.61
14/06/2019,APG,7.85
13/06/2019,APG,7.85
12/06/2019,APG,7.95
11/06/2019,APG,8.1
10/06/2019,APG,7.74
07/06/2019,APG,7.94
06/06/2019,APG,7.95
05/06/2019,APG,8.08
04/06/2019,APG,7.6
03/06/2019,APG,7.53
31/05/2019,APG,7.5
30/05/2019,APG,7.7
29/05/2019,APG,7.79
28/05/2019,APG,7.8
27/05/2019,APG,7.9
24/05/2019,APG,8.0
23/05/2019,APG,8.07
22/05/2019,APG,8.0
21/05/2019,APG,7.88
20/05/2019,APG,8.0
17/05/2019,APG,7.9
16/05/2019,APG,8.0
15/05/2019,APG,8.0
14/05/2019,APG,7.9
13/05/2019,APG,7.9
10/05/2019,APG,7.43
09/05/2019,APG,7.43
08/05/2019,APG,7.55
07/05/2019,APG,7.4
06/05/2019,APG,7.36
03/05/2019,APG,7.69
02/05/2019,APG,7.67
26/04/2019,APG,7.8
25/04/2019,APG,7.6
24/04/2019,APG,7.78
23/04/2019,APG,7.78
22/04/2019,APG,7.78
19/04/2019,APG,7.75
18/04/2019,APG,7.7
17/04/2019,APG,7.8
16/04/2019,APG,7.9
12/04/2019,APG,7.78
11/04/2019,APG,8.36
10/04/2019,APG,8.36
09/04/2019,APG,8.4
08/04/2019,APG,8.6
05/04/2019,APG,8.5
04/04/2019,APG,8.9
03/04/2019,APG,8.8
02/04/2019,APG,9.0
01/04/2019,APG,8.8
29/03/2019,APG,9.1
28/03/2019,APG,9.3
27/03/2019,APG,9.5
26/03/2019,APG,9.09
25/03/2019,APG,8.5
22/03/2019,APG,8.89
21/03/2019,APG,9.55
20/03/2019,APG,9.6
19/03/2019,APG,10.0
18/03/2019,APG,10.4
15/03/2019,APG,10.05
14/03/2019,APG,9.41
13/03/2019,APG,8.8
12/03/2019,APG,8.7
11/03/2019,APG,8.89
08/03/2019,APG,8.55
07/03/2019,APG,8.55
06/03/2019,APG,8.55
05/03/2019,APG,8.66
04/03/2019,APG,8.66
01/03/2019,APG,8.1
28/02/2019,APG,8.5
27/02/2019,APG,8.7
26/02/2019,APG,8.85
25/02/2019,APG,8.88
22/02/2019,APG,8.93
21/02/2019,APG,8.35
20/02/2019,APG,8.05
19/02/2019,APG,8.5
18/02/2019,APG,8.0
15/02/2019,APG,8.25
14/02/2019,APG,8.85
13/02/2019,APG,8.85
12/02/2019,APG,8.75
11/02/2019,APG,9.4
01/02/2019,APG,8.88
31/01/2019,APG,8.3
30/01/2019,APG,8.15
29/01/2019,APG,8.4
28/01/2019,APG,8.75
25/01/2019,APG,8.75
24/01/2019,APG,8.2
23/01/2019,APG,8.0
22/01/2019,APG,7.6
21/01/2019,APG,7.59
18/01/2019,APG,7.57
17/01/2019,APG,7.54
16/01/2019,APG,7.5
15/01/2019,APG,7.6
14/01/2019,APG,7.65
11/01/2019,APG,7.7
10/01/2019,APG,7.59
09/01/2019,APG,7.55
08/01/2019,APG,7.55
07/01/2019,APG,7.4
04/01/2019,APG,7.6
03/01/2019,APG,7.84
02/01/2019,APG,7.86
